<?xml version="1.0" encoding="UTF-8"?>
<!DOCTYPE mapper PUBLIC "-//mybatis.org//DTD Mapper 3.0//EN" "http://mybatis.org/dtd/mybatis-3-mapper.dtd">

<mapper namespace="com.learn.dao.CarDao">

    <!-- 可根据自己的需求，是否要使用 -->
    <resultMap type="com.learn.entity.CarEntity" id="carMap">
        <result property="id" column="id"/>
        <result property="name" column="name"/>
        <result property="size" column="size"/>
        <result property="type" column="type"/>
        <result property="user" column="user"/>
        <result property="time" column="time"/>
    </resultMap>

    <select id="queryObject" resultType="com.learn.entity.CarEntity">
		select * from car where id = #{value}
	</select>

    <select id="queryList" resultType="com.learn.entity.CarEntity">
        select * from car where 1=1
        <if test="name != null and name != ''">
            and name like '%${name}%'
        </if>

        <if test="user != null and user != ''">
            and user = #{user}
        </if>


        <choose>
            <when test="sidx != null and sidx.trim() != ''">
                order by ${sidx} ${order}
            </when>
            <otherwise>
                order by id desc
            </otherwise>
        </choose>
        <if test="offset != null and limit != null">
            limit #{offset}, #{limit}
        </if>
    </select>

    <select id="queryTotal" resultType="int">
        select count(*) from car where 1=1
        <if test="name != null and name != ''">
            and name like '%${name}%'
        </if>
        <if test="user != null and user != ''">
            and user = #{user}
        </if>
    </select>

    <insert id="save" parameterType="com.learn.entity.CarEntity" useGeneratedKeys="true" keyProperty="id">
		insert into car
		(
			`name`, 
			`size`, 
			`type`, 
			`user`, 
			`time`
		)
		values
		(
			#{name}, 
			#{size}, 
			#{type}, 
			#{user}, 
			#{time}
		)
	</insert>

    <update id="update" parameterType="com.learn.entity.CarEntity">
        update car
        <set>
            <if test="name != null">`name` = #{name},</if>
            <if test="size != null">`size` = #{size},</if>
            <if test="type != null">`type` = #{type},</if>
            `user` = #{user},
            `time` = #{time}
        </set>
        where id = #{id}
    </update>

    <delete id="delete">
		delete from car where id = #{value}
	</delete>

    <delete id="deleteBatch">
        delete from car where id in
        <foreach item="id" collection="array" open="(" separator="," close=")">
            #{id}
        </foreach>
    </delete>

</mapper>