<?xml version="1.0" encoding="UTF-8"?>
<!DOCTYPE mapper PUBLIC "-//mybatis.org//DTD Mapper 3.0//EN" "http://mybatis.org/dtd/mybatis-3-mapper.dtd">

<mapper namespace="com.learn.dao.FixDao">

    <!-- 可根据自己的需求，是否要使用 -->
    <resultMap type="com.learn.entity.FixEntity" id="fixMap">
        <result property="id" column="id"/>
        <result property="name" column="name"/>
        <result property="remark" column="remark"/>
        <result property="user" column="user"/>
        <result property="state" column="state"/>
        <result property="ustate" column="ustate"/>
    </resultMap>

    <select id="queryObject" resultType="com.learn.entity.FixEntity">
		select * from fix where id = #{value}
	</select>

    <select id="queryList" resultType="com.learn.entity.FixEntity">
        select * from fix where 1=1
        <if test="name != null and name != ''">
            and name like '%${name}%'
        </if>

        <if test="user != null and user != ''">
            and user = #{user}
        </if>


        <choose>
            <when test="sidx != null and sidx.trim() != ''">
                order by ${sidx} ${order}
            </when>
            <otherwise>
                order by id desc
            </otherwise>
        </choose>
        <if test="offset != null and limit != null">
            limit #{offset}, #{limit}
        </if>
    </select>

    <select id="queryTotal" resultType="int">
        select count(*) from fix where 1=1
        <if test="name != null and name != ''">
            and name like '%${name}%'
        </if>
        <if test="user != null and user != ''">
            and user = #{user}
        </if>
    </select>

    <insert id="save" parameterType="com.learn.entity.FixEntity">
		insert into fix
		(
			`id`, 
			`name`, 
			`remark`, 
			`user`, 
			`state`, 
			`ustate`
		)
		values
		(
			#{id}, 
			#{name}, 
			#{remark}, 
			#{user}, 
			#{state}, 
			#{ustate}
		)
	</insert>

    <update id="update" parameterType="com.learn.entity.FixEntity">
        update fix
        <set>
            <if test="name != null">`name` = #{name},</if>
            <if test="remark != null">`remark` = #{remark},</if>
            <if test="user != null">`user` = #{user},</if>
            <if test="state != null">`state` = #{state},</if>
            <if test="ustate != null">`ustate` = #{ustate}</if>
        </set>
        where id = #{id}
    </update>

    <delete id="delete">
		delete from fix where id = #{value}
	</delete>

    <delete id="deleteBatch">
        delete from fix where id in
        <foreach item="id" collection="array" open="(" separator="," close=")">
            #{id}
        </foreach>
    </delete>

</mapper>