<?xml version="1.0" encoding="UTF-8"?>
<!DOCTYPE mapper PUBLIC "-//mybatis.org//DTD Mapper 3.0//EN" "http://mybatis.org/dtd/mybatis-3-mapper.dtd">

<mapper namespace="com.learn.dao.HouseDao">

	<!-- 可根据自己的需求，是否要使用 -->
    <resultMap type="com.learn.entity.HouseEntity" id="houseMap">
        <result property="id" column="id"/>
        <result property="name" column="name"/>
        <result property="ceng" column="ceng"/>
        <result property="room" column="room"/>
    </resultMap>

	<select id="queryObject" resultType="com.learn.entity.HouseEntity">
		select * from house where id = #{value}
	</select>

	<select id="queryList" resultType="com.learn.entity.HouseEntity">
		select * from house where 1=1
		<if test="name != null and name != ''">
			and name like '%${name}%'
		</if>

																						

        <choose>
            <when test="sidx != null and sidx.trim() != ''">
                order by ${sidx} ${order}
            </when>
			<otherwise>
                order by id desc
			</otherwise>
        </choose>
		<if test="offset != null and limit != null">
			limit #{offset}, #{limit}
		</if>
	</select>
	
 	<select id="queryTotal" resultType="int">
		select count(*) from house  where 1=1
        <if test="name != null and name != ''">
            and name like '%${name}%'
        </if>
																							</select>
	 
	<insert id="save" parameterType="com.learn.entity.HouseEntity" useGeneratedKeys="true" keyProperty="id">
		insert into house
		(
			`name`, 
			`ceng`, 
			`room`
		)
		values
		(
			#{name}, 
			#{ceng}, 
			#{room}
		)
	</insert>
	 
	<update id="update" parameterType="com.learn.entity.HouseEntity">
		update house 
		<set>
			<if test="name != null">`name` = #{name}, </if>
			<if test="ceng != null">`ceng` = #{ceng}, </if>
			<if test="room != null">`room` = #{room}</if>
		</set>
		where id = #{id}
	</update>
	
	<delete id="delete">
		delete from house where id = #{value}
	</delete>
	
	<delete id="deleteBatch">
		delete from house where id in 
		<foreach item="id" collection="array" open="(" separator="," close=")">
			#{id}
		</foreach>
	</delete>

</mapper>